<?xml version="1.0" encoding="UTF-8"?>
<launch4jConfig>
  <dontWrapJar>false</dontWrapJar>
  <headerType>gui</headerType>
  <jar>AgesicAplicativo-2.0.3.jar</jar>
  <outfile>C:\Users\dennys\Desktop\firma.gub.uy\firmagubuy.exe</outfile>
  <errTitle></errTitle>
  <cmdLine></cmdLine>
  <chdir></chdir>
  <priority>normal</priority>
  <downloadUrl>http://java.com/download</downloadUrl>
  <supportUrl></supportUrl>
  <stayAlive>true</stayAlive>
  <restartOnCrash>true</restartOnCrash>
  <manifest></manifest>
  <icon>C:\Users\dennys\Desktop\firma.gub.uy\favicon.ico</icon>
  <jre>
    <path>..\jre</path>
    <bundledJre64Bit>false</bundledJre64Bit>
    <bundledJreAsFallback>false</bundledJreAsFallback>
    <minVersion>1.8.0</minVersion>
    <maxVersion>1.8.999</maxVersion>
    <jdkPreference>jdkOnly</jdkPreference>
    <runtimeBits>32</runtimeBits>
    <opt>-Dhttps.protocols=TLSv1.2</opt>
    <opt>-Djava.security.debug=sunpkcs11</opt>
    <opt>-Dfile.encoding=UTF-8</opt>
  </jre>
</launch4jConfig>